mse,mae,rmse,mape
0.3002801,0.39962742,0.54797816,2.4956467
