mse,mae,rmse,mape
0.30041558,0.3996956,0.5481018,2.4949522
