mse,mae,rmse,mape
0.40433452,0.41304842,0.635873,9.693503
