mse,mae,rmse,mape
0.4915875,0.523153,0.701133,3.6864295
