mse,mae,rmse,mape
0.49158645,0.52315253,0.70113224,3.6864252
