mse,mae,rmse,mape
0.3761351,0.39467195,0.61329854,9.8083315
