mse,mae,rmse,mape
0.22750865,0.3364066,0.47697866,3.227028
