mse,mae,rmse,mape
0.15940961,0.20514914,0.39926133,13.6770315
