mse,mae,rmse,mape
0.16924627,0.26321796,0.41139552,1.0655283
