mse,mae,rmse,mape
0.7397594,0.45454058,0.86009264,4.849121
