mse,mae,rmse,mape
0.3975545,0.40361995,0.6305192,2.2557316
