mse,mae,rmse,mape
0.36590257,0.3848012,0.6048988,2.343015
