mse,mae,rmse,mape
0.51393646,0.49188372,0.7168936,12.483956
