mse,mae,rmse,mape
0.55300224,0.5166148,0.7436412,12.336253
