mse,mae,rmse,mape
0.3016058,0.3651965,0.54918647,1.2753785
