mse,mae,rmse,mape
0.31810683,0.33832893,0.5640096,13.907228
