mse,mae,rmse,mape
0.37826186,0.40560114,0.61503,1.7292665
