mse,mae,rmse,mape
0.38093928,0.4093962,0.61720276,1.807085
