mse,mae,rmse,mape
0.21430227,0.3050964,0.46292794,3.0959513
