mse,mae,rmse,mape
0.21117428,0.30101335,0.45953703,3.0302854
