mse,mae,rmse,mape
0.36597556,0.38480446,0.60495913,2.346047
