mse,mae,rmse,mape
0.21741274,0.2911093,0.4662754,1.1868372
