mse,mae,rmse,mape
3.2373908,1.2091339,1.799275,3.842009
