mse,mae,rmse,mape
3.2373912,1.2091341,1.7992752,3.842009
