mse,mae,rmse,mape
0.4118717,0.28543198,0.64177233,3.1087747
