mse,mae,rmse,mape
0.16934274,0.2678971,0.41151276,2.2746837
