mse,mae,rmse,mape
0.37083247,0.38761374,0.60896015,2.137499
