mse,mae,rmse,mape
2.686083,1.0845151,1.6389275,3.1634269
