mse,mae,rmse,mape
2.6860845,1.0845156,1.6389278,3.1634386
