mse,mae,rmse,mape
0.24420792,0.30377102,0.49417397,1.2729393
