mse,mae,rmse,mape
0.15591967,0.28958717,0.39486665,1.7003314
