mse,mae,rmse,mape
0.455445,0.44112393,0.6748667,2.4255025
