mse,mae,rmse,mape
0.1705626,0.22497095,0.41299224,12.017974
