mse,mae,rmse,mape
0.37138388,0.39172712,0.6094127,1.5933751
