mse,mae,rmse,mape
0.2975189,0.34463578,0.54545295,1.4812425
