mse,mae,rmse,mape
0.6840293,0.42988023,0.82706064,4.964789
