mse,mae,rmse,mape
0.41843677,0.42181113,0.64686686,9.134537
