mse,mae,rmse,mape
0.27554128,0.3822663,0.5249203,2.4650471
