mse,mae,rmse,mape
0.2755411,0.38226563,0.5249201,2.4650564
