mse,mae,rmse,mape
0.3182377,0.33847505,0.5641256,13.902739
