mse,mae,rmse,mape
0.41255635,0.43426567,0.6423055,2.0810437
