mse,mae,rmse,mape
0.41331482,0.43543944,0.64289564,2.0956523
