mse,mae,rmse,mape
0.1628374,0.2528353,0.40353116,1.0635976
