mse,mae,rmse,mape
0.3036532,0.3452578,0.5510474,2.1219478
