mse,mae,rmse,mape
0.40427437,0.41299766,0.63582575,9.68532
