mse,mae,rmse,mape
0.3312308,0.37454265,0.57552654,1.5071584
