mse,mae,rmse,mape
0.21415745,0.26124454,0.46277148,13.374324
