mse,mae,rmse,mape
0.36730164,0.38924062,0.6060542,1.5883229
