mse,mae,rmse,mape
0.15380695,0.25053722,0.3921823,2.2917287
