mse,mae,rmse,mape
0.22173071,0.3298092,0.4708829,3.4589202
