mse,mae,rmse,mape
0.30261046,0.34118748,0.5501004,1.3814286
