mse,mae,rmse,mape
0.34750828,0.37706563,0.58949834,1.4394724
