mse,mae,rmse,mape
0.1613805,0.20602418,0.40172192,13.604439
