mse,mae,rmse,mape
0.15848154,0.2035697,0.3980974,14.425776
