mse,mae,rmse,mape
0.3376545,0.36683583,0.58108044,2.1295998
