mse,mae,rmse,mape
0.3204318,0.37799037,0.566067,1.663644
