mse,mae,rmse,mape
0.3037649,0.34547248,0.5511487,2.1214712
