mse,mae,rmse,mape
0.34148654,0.34048977,0.5843685,13.70031
