mse,mae,rmse,mape
0.33936727,0.3397404,0.5825524,14.57611
