mse,mae,rmse,mape
0.3659635,0.38484022,0.6049492,2.3462758
