mse,mae,rmse,mape
0.41602036,0.4408134,0.6449964,9.486134
