mse,mae,rmse,mape
0.653893,0.40020406,0.8086365,4.2934184
