mse,mae,rmse,mape
0.22610363,0.33507317,0.47550356,3.4001987
