mse,mae,rmse,mape
0.17052005,0.22479902,0.41294074,11.978109
