mse,mae,rmse,mape
0.41825524,0.42242286,0.64672655,9.089614
