mse,mae,rmse,mape
0.37789008,0.39489105,0.6147277,9.665732
