mse,mae,rmse,mape
0.17863952,0.26177362,0.42265767,1.155672
