mse,mae,rmse,mape
0.50161463,0.48296475,0.7082476,12.740813
