mse,mae,rmse,mape
0.5180266,0.48883715,0.7197406,12.683068
