mse,mae,rmse,mape
0.5016087,0.48296323,0.7082434,12.74022
