mse,mae,rmse,mape
0.21155232,0.3236289,0.45994818,2.817883
