mse,mae,rmse,mape
0.47668356,0.45764008,0.6904227,2.6679316
