mse,mae,rmse,mape
0.4829076,0.46788824,0.69491553,2.7927585
