mse,mae,rmse,mape
0.47377664,0.4569574,0.6883143,2.7118628
