mse,mae,rmse,mape
0.16275112,0.25313672,0.40342423,1.0633513
