mse,mae,rmse,mape
0.21922754,0.32883513,0.4682174,3.1956637
