mse,mae,rmse,mape
0.41103023,0.2846287,0.6411164,3.1269042
