mse,mae,rmse,mape
0.36631715,0.41561353,0.6052414,2.004251
