mse,mae,rmse,mape
0.36655718,0.4156921,0.60543966,2.0029385
