mse,mae,rmse,mape
2.3148208,1.0641718,1.5214535,3.7300901
