mse,mae,rmse,mape
0.16454338,0.25799617,0.40563947,2.8005652
