mse,mae,rmse,mape
0.3717765,0.39380154,0.6097348,8.859039
