mse,mae,rmse,mape
0.14003992,0.23716463,0.3742191,2.142711
