mse,mae,rmse,mape
0.175144,0.23669755,0.4185021,10.634689
