mse,mae,rmse,mape
2.2699912,1.0626887,1.506649,3.2804427
