mse,mae,rmse,mape
0.20350929,0.30032015,0.45112005,2.453709
