mse,mae,rmse,mape
0.4903856,0.47438896,0.70027536,12.184766
