mse,mae,rmse,mape
0.49039105,0.47439247,0.70027924,12.184937
