mse,mae,rmse,mape
0.46811834,0.30943674,0.68419176,3.1451347
