mse,mae,rmse,mape
0.26530373,0.2906693,0.51507646,14.876184
