mse,mae,rmse,mape
0.33121493,0.37456605,0.57551277,1.5072758
