mse,mae,rmse,mape
0.25676706,0.33546206,0.50672185,13.625061
