mse,mae,rmse,mape
0.2808617,0.3526096,0.52996385,14.009912
