mse,mae,rmse,mape
0.26137865,0.33934826,0.51125205,14.736291
