mse,mae,rmse,mape
0.42742386,0.4237365,0.65377665,2.2316954
