mse,mae,rmse,mape
0.26871157,0.37955302,0.51837397,2.329977
