mse,mae,rmse,mape
0.26142251,0.37518683,0.51129496,2.2933414
