mse,mae,rmse,mape
0.26142457,0.37518993,0.5112969,2.293245
