mse,mae,rmse,mape
3.04323,1.1819367,1.7444856,3.6170058
