mse,mae,rmse,mape
3.04323,1.1819369,1.7444856,3.61701
