mse,mae,rmse,mape
0.26916713,0.3260648,0.5188132,1.2857176
