mse,mae,rmse,mape
0.17444012,0.23456968,0.4176603,10.670411
