mse,mae,rmse,mape
0.1757246,0.23870559,0.41919518,9.768319
