mse,mae,rmse,mape
0.16402465,0.25706828,0.40499958,2.7502058
