mse,mae,rmse,mape
0.20819049,0.25034192,0.45627895,15.314467
