mse,mae,rmse,mape
0.2164441,0.27483326,0.46523553,10.661974
