mse,mae,rmse,mape
0.5409595,0.52293897,0.7354995,13.782268
