mse,mae,rmse,mape
0.54095566,0.5229382,0.7354969,13.782298
