mse,mae,rmse,mape
0.4398575,0.29430923,0.66321754,3.1138804
