mse,mae,rmse,mape
0.4911578,0.48487216,0.7008265,9.508747
