mse,mae,rmse,mape
0.43216726,0.4427055,0.6573943,8.834911
