mse,mae,rmse,mape
0.41551462,0.4408989,0.6446042,9.495248
