mse,mae,rmse,mape
0.29464832,0.3440142,0.5428152,1.5120511
