mse,mae,rmse,mape
0.291018,0.3405251,0.53946084,1.4856077
