mse,mae,rmse,mape
0.6508783,0.40678155,0.8067703,4.9879613
