mse,mae,rmse,mape
0.37845472,0.41492495,0.61518675,1.3846437
