mse,mae,rmse,mape
0.2599062,0.29600045,0.50981,13.667033
