mse,mae,rmse,mape
0.16798787,0.26282766,0.40986323,1.0426989
