mse,mae,rmse,mape
0.1779381,0.26083198,0.4218271,1.1497861
