mse,mae,rmse,mape
0.17796883,0.26066816,0.42186353,1.1513329
