mse,mae,rmse,mape
0.4380898,0.2942858,0.66188353,3.0606232
