mse,mae,rmse,mape
0.47623205,0.44155893,0.69009566,9.313825
