mse,mae,rmse,mape
0.42440316,0.29137206,0.6514623,3.0678594
