mse,mae,rmse,mape
0.4228373,0.28171507,0.6502594,3.0020463
