mse,mae,rmse,mape
0.43889546,0.3012208,0.66249186,3.0941372
