mse,mae,rmse,mape
0.47307715,0.46583703,0.687806,11.454201
