mse,mae,rmse,mape
0.4730776,0.4658372,0.68780637,11.454188
