mse,mae,rmse,mape
0.42433462,0.42889118,0.6514097,15.485752
