mse,mae,rmse,mape
0.41246477,0.4217633,0.6422342,13.65853
