mse,mae,rmse,mape
0.2086879,0.2493479,0.4568237,15.098445
