mse,mae,rmse,mape
0.39709052,0.4034253,0.6301512,2.2457078
