mse,mae,rmse,mape
1.0981269,0.8131178,1.0479155,6.7167554
