mse,mae,rmse,mape
1.0981277,0.813118,1.0479159,6.716762
