mse,mae,rmse,mape
1.0981283,0.81311834,1.0479162,6.716758
