mse,mae,rmse,mape
0.61459607,0.37808412,0.7839618,4.207956
