mse,mae,rmse,mape
0.26682815,0.29306868,0.5165541,15.033825
