mse,mae,rmse,mape
0.24294391,0.30218652,0.4928934,1.2691628
