mse,mae,rmse,mape
0.2427238,0.3020689,0.49267006,1.2652
