mse,mae,rmse,mape
0.42242005,0.28110242,0.6499385,2.98043
