mse,mae,rmse,mape
0.31824142,0.33854133,0.5641289,13.938761
