mse,mae,rmse,mape
0.26136872,0.31113362,0.51124233,11.748394
