mse,mae,rmse,mape
0.26511326,0.31856802,0.5148915,11.135633
