mse,mae,rmse,mape
0.14842743,0.24223171,0.38526282,2.4346995
