mse,mae,rmse,mape
0.30206856,0.34094188,0.54960763,1.386954
