mse,mae,rmse,mape
0.30205515,0.34054694,0.5495954,1.3818839
