mse,mae,rmse,mape
0.44001412,0.44084075,0.6633356,10.828019
