mse,mae,rmse,mape
0.43699092,0.4394197,0.6610529,10.755754
