mse,mae,rmse,mape
0.4164389,0.44015092,0.6453208,9.5713
