mse,mae,rmse,mape
0.1778248,0.27256912,0.42169276,2.8295748
