mse,mae,rmse,mape
0.17989507,0.27311695,0.4241404,2.8018103
