mse,mae,rmse,mape
0.34745917,0.3770645,0.5894567,1.4391191
