mse,mae,rmse,mape
0.36899903,0.393832,0.6074529,9.449692
