mse,mae,rmse,mape
0.40507793,0.41374296,0.6364573,8.611787
