mse,mae,rmse,mape
0.30058047,0.38559327,0.5482522,3.5161679
