mse,mae,rmse,mape
0.41467157,0.41137537,0.64395,2.4649596
