mse,mae,rmse,mape
2.8486063,1.1292009,1.6877815,3.6191945
