mse,mae,rmse,mape
2.8486035,1.1292003,1.6877806,3.6191847
