mse,mae,rmse,mape
0.4146781,0.41136384,0.64395505,2.4640708
