mse,mae,rmse,mape
0.4978017,0.5001299,0.7055506,13.141334
