mse,mae,rmse,mape
0.49779516,0.5001273,0.705546,13.142722
