mse,mae,rmse,mape
0.49779373,0.50012535,0.705545,13.1439
