mse,mae,rmse,mape
0.46667832,0.31661266,0.6831386,3.1140215
