mse,mae,rmse,mape
3.5032334,1.3007598,1.8716927,4.4235673
