mse,mae,rmse,mape
3.5032308,1.3007593,1.871692,4.423569
