mse,mae,rmse,mape
0.48128894,0.44387314,0.6937499,9.185444
