mse,mae,rmse,mape
0.39717123,0.39641574,0.6302152,1.5849382
