mse,mae,rmse,mape
0.32820916,0.369488,0.5728954,10.64426
