mse,mae,rmse,mape
3.419651,1.275023,1.8492298,4.7012825
