mse,mae,rmse,mape
3.4196537,1.2750233,1.8492305,4.701295
