mse,mae,rmse,mape
3.4196527,1.2750237,1.8492303,4.70129
