mse,mae,rmse,mape
0.4302562,0.42561576,0.65593916,2.2687693
