mse,mae,rmse,mape
0.21761328,0.29117614,0.4664904,1.187362
