mse,mae,rmse,mape
0.3956391,0.39545837,0.62899846,1.5772189
