mse,mae,rmse,mape
0.3131514,0.4240951,0.55959934,2.1466124
