mse,mae,rmse,mape
0.21743612,0.29109007,0.46630046,1.1869893
