mse,mae,rmse,mape
0.41067195,0.42106727,0.6408369,10.464333
