mse,mae,rmse,mape
0.44082668,0.44490767,0.6639478,10.394108
