mse,mae,rmse,mape
0.43431583,0.44110322,0.65902644,13.312936
