mse,mae,rmse,mape
0.32201394,0.37563345,0.56746274,14.760559
