mse,mae,rmse,mape
0.30294216,0.3592124,0.5504018,10.799918
