mse,mae,rmse,mape
0.49591446,0.5067674,0.70421195,9.868504
