mse,mae,rmse,mape
0.34714803,0.38518542,0.5891927,15.521644
