mse,mae,rmse,mape
0.34792688,0.38599205,0.5898533,15.640907
