mse,mae,rmse,mape
0.6634758,0.58751273,0.81454027,2.5330002
