mse,mae,rmse,mape
0.34165817,0.34162936,0.58451533,13.794661
