mse,mae,rmse,mape
0.5234074,0.49389163,0.723469,2.8217068
