mse,mae,rmse,mape
0.5386613,0.5119294,0.7339355,2.9276302
