mse,mae,rmse,mape
0.5352043,0.50952935,0.73157656,2.990549
