mse,mae,rmse,mape
0.0880599,0.21796362,0.29674888,1.1385492
