mse,mae,rmse,mape
2.3238325,1.0870024,1.5244122,2.9748802
