mse,mae,rmse,mape
2.413398,1.1113788,1.5535115,2.7405417
