mse,mae,rmse,mape
0.46593958,0.45829687,0.6825977,2.6788244
