mse,mae,rmse,mape
0.47226793,0.46071857,0.68721753,2.6538312
