mse,mae,rmse,mape
0.46675855,0.4567272,0.6831973,2.6281936
