mse,mae,rmse,mape
0.21427293,0.26142702,0.46289623,13.369584
