mse,mae,rmse,mape
0.42533508,0.2926625,0.65217716,3.085157
