mse,mae,rmse,mape
0.2552983,0.3603698,0.5052705,3.3618703
