mse,mae,rmse,mape
0.5019549,0.5126372,0.70848775,9.535896
