mse,mae,rmse,mape
0.36550716,0.38143378,0.6045719,2.227773
