mse,mae,rmse,mape
0.36448163,0.3805366,0.6037231,2.2255397
