mse,mae,rmse,mape
0.5283515,0.5474114,0.7268779,3.7885306
