mse,mae,rmse,mape
0.5283513,0.5474114,0.7268778,3.788527
