mse,mae,rmse,mape
0.17059149,0.2667427,0.41302723,1.0382116
