mse,mae,rmse,mape
0.40178028,0.2746102,0.6338614,2.9199271
