mse,mae,rmse,mape
0.40058357,0.27177063,0.6329167,2.7986512
