mse,mae,rmse,mape
0.4343757,0.43495813,0.65907186,8.585434
