mse,mae,rmse,mape
0.16393416,0.25758585,0.40488783,2.7603872
