mse,mae,rmse,mape
3.169266,1.1703774,1.7802433,3.1460125
