mse,mae,rmse,mape
3.1692655,1.1703771,1.7802432,3.1460054
