mse,mae,rmse,mape
0.28346464,0.34698093,0.53241396,1.3338143
