mse,mae,rmse,mape
0.26916185,0.32609415,0.5188081,1.2856681
