mse,mae,rmse,mape
0.48775253,0.46556455,0.6983928,10.269464
