mse,mae,rmse,mape
0.4551014,0.44070086,0.67461205,2.5038095
