mse,mae,rmse,mape
0.45389524,0.44042763,0.6737175,2.4734368
