mse,mae,rmse,mape
0.27004036,0.33411703,0.5196541,1.4180561
