mse,mae,rmse,mape
0.26327097,0.2907244,0.5130994,14.462843
