mse,mae,rmse,mape
0.21417537,0.2612847,0.46279085,13.364872
