mse,mae,rmse,mape
0.33820766,0.3657656,0.58155626,2.2177637
