mse,mae,rmse,mape
0.08851678,0.21703418,0.2975177,1.2294091
