mse,mae,rmse,mape
0.3955567,0.40358448,0.62893295,2.2570043
