mse,mae,rmse,mape
0.89766204,0.7250791,0.9474503,2.1527085
