mse,mae,rmse,mape
1.054934,0.7860956,1.0270998,1.8066102
