mse,mae,rmse,mape
0.14274384,0.27396762,0.37781456,1.6693147
