mse,mae,rmse,mape
0.14274421,0.27396813,0.37781504,1.6693135
