mse,mae,rmse,mape
0.14274402,0.27396795,0.3778148,1.6693106
