mse,mae,rmse,mape
0.21838093,0.27823007,0.46731246,10.413301
