mse,mae,rmse,mape
0.21668182,0.274874,0.46549094,10.441468
