mse,mae,rmse,mape
0.33830515,0.36581007,0.58164006,2.2184029
