mse,mae,rmse,mape
0.3257782,0.36445528,0.57076985,11.266313
