mse,mae,rmse,mape
0.3251207,0.3649055,0.5701935,10.914517
