mse,mae,rmse,mape
1.1749127,0.84378475,1.083934,6.8342514
