mse,mae,rmse,mape
1.1749128,0.84378433,1.083934,6.8342514
