mse,mae,rmse,mape
0.2598553,0.296291,0.50976,13.77723
