mse,mae,rmse,mape
0.41464326,0.4113413,0.643928,2.464638
