mse,mae,rmse,mape
0.65636104,0.41580147,0.8101611,4.1519814
