mse,mae,rmse,mape
0.43583888,0.4247898,0.6601809,9.840551
