mse,mae,rmse,mape
0.43889138,0.42572153,0.66248876,9.9782295
