mse,mae,rmse,mape
0.4655746,0.45310688,0.68233025,10.851059
