mse,mae,rmse,mape
0.47871384,0.45154297,0.6918915,10.548929
