mse,mae,rmse,mape
0.4107183,0.41160673,0.6408731,1.5876334
