mse,mae,rmse,mape
0.41080827,0.4118232,0.6409433,1.5879083
