mse,mae,rmse,mape
0.4157483,0.41392168,0.64478546,1.5990751
