mse,mae,rmse,mape
0.48137975,0.44311178,0.69381535,9.265467
