mse,mae,rmse,mape
0.2666451,0.32060888,0.5163769,11.191361
