mse,mae,rmse,mape
2.8633504,1.1132635,1.6921437,3.0544047
