mse,mae,rmse,mape
2.8633506,1.1132635,1.6921438,3.054401
