mse,mae,rmse,mape
2.387896,1.105329,1.5452819,2.6968355
