mse,mae,rmse,mape
0.15711336,0.26720038,0.39637527,1.1602423
