mse,mae,rmse,mape
0.16065954,0.27311978,0.40082356,1.1469867
