mse,mae,rmse,mape
0.16204412,0.27402148,0.40254703,1.1156726
