mse,mae,rmse,mape
0.43792295,0.29915053,0.66175747,3.041905
