mse,mae,rmse,mape
0.30371782,0.34546658,0.551106,2.1204684
