mse,mae,rmse,mape
0.62039053,0.38175878,0.78764874,3.9612951
