mse,mae,rmse,mape
0.3002165,0.3444019,0.54792017,2.0222216
