mse,mae,rmse,mape
0.31345493,0.35450587,0.5598705,1.3418897
