mse,mae,rmse,mape
0.31218988,0.35372993,0.55873954,1.3519752
