mse,mae,rmse,mape
0.3101599,0.3526287,0.55692,1.3496704
