mse,mae,rmse,mape
0.4410799,0.44785494,0.6641385,10.832855
