mse,mae,rmse,mape
0.4187503,0.42734513,0.64710915,11.604874
