mse,mae,rmse,mape
1.1926792,0.8491499,1.0920985,6.855162
