mse,mae,rmse,mape
1.1926788,0.8491497,1.0920984,6.855161
