mse,mae,rmse,mape
0.36421403,0.39909393,0.6035015,11.970944
