mse,mae,rmse,mape
0.36630428,0.40138686,0.60523075,10.859012
