mse,mae,rmse,mape
0.35617134,0.39460605,0.5968009,11.025739
