mse,mae,rmse,mape
0.43699238,0.29774493,0.661054,3.0420954
