mse,mae,rmse,mape
0.23785834,0.340787,0.48770723,3.3136294
