mse,mae,rmse,mape
0.22304529,0.28648645,0.47227672,10.209692
