mse,mae,rmse,mape
0.2180331,0.27773175,0.46694016,10.532073
