mse,mae,rmse,mape
0.43863246,0.29404834,0.6622933,3.0516121
