mse,mae,rmse,mape
0.22635312,0.31055206,0.47576582,2.967504
