mse,mae,rmse,mape
0.16777465,0.2627993,0.40960303,1.0492852
