mse,mae,rmse,mape
0.20381276,0.30100757,0.45145628,2.4533517
