mse,mae,rmse,mape
0.3810562,0.40736097,0.6172975,1.7601134
