mse,mae,rmse,mape
0.3689076,0.39375776,0.60737765,9.442401
