mse,mae,rmse,mape
0.3974304,0.4249998,0.6304208,2.5793142
