mse,mae,rmse,mape
0.3923873,0.42453492,0.6264083,2.6388316
