mse,mae,rmse,mape
0.40214977,0.42818102,0.63415277,2.594874
