mse,mae,rmse,mape
2.7950132,1.1282976,1.6718293,3.4771771
