mse,mae,rmse,mape
2.7950137,1.1282978,1.6718295,3.4771898
