mse,mae,rmse,mape
2.7950149,1.1282976,1.6718298,3.4771836
