mse,mae,rmse,mape
0.6151706,0.38006005,0.7843281,4.233775
