mse,mae,rmse,mape
0.37073776,0.38761044,0.60888237,2.1305485
