mse,mae,rmse,mape
0.32848576,0.3633662,0.57313675,2.1884232
