mse,mae,rmse,mape
0.40543953,0.27403092,0.63674134,2.9243903
