mse,mae,rmse,mape
0.17085296,0.2252907,0.41334364,11.984889
