mse,mae,rmse,mape
2.1880004,1.0133775,1.4791892,3.7455251
