mse,mae,rmse,mape
0.19618648,0.31108317,0.44292945,2.8139694
