mse,mae,rmse,mape
0.3062388,0.36655262,0.5533885,11.793848
