mse,mae,rmse,mape
0.31554106,0.3735449,0.56173044,11.058853
