mse,mae,rmse,mape
0.31224483,0.37149754,0.5587887,10.8779
