mse,mae,rmse,mape
0.21931511,0.33098924,0.46831092,3.3669944
