mse,mae,rmse,mape
0.29753208,0.3528872,0.545465,10.779251
