mse,mae,rmse,mape
0.27089533,0.33995798,0.52047604,15.601714
