mse,mae,rmse,mape
0.4600697,0.47342533,0.67828435,1.8372337
