mse,mae,rmse,mape
3.1286821,1.194115,1.7688081,3.3382008
