mse,mae,rmse,mape
3.1286817,1.1941149,1.768808,3.3381972
