mse,mae,rmse,mape
3.128681,1.194115,1.7688078,3.3382
