mse,mae,rmse,mape
0.18630551,0.2880055,0.4316312,1.2427654
