mse,mae,rmse,mape
0.1804257,0.28340623,0.42476547,1.2506785
