mse,mae,rmse,mape
0.18247464,0.2846903,0.42717052,1.2386042
