mse,mae,rmse,mape
0.17792176,0.24325511,0.42180774,9.831677
