mse,mae,rmse,mape
0.1750641,0.23604932,0.41840664,10.485318
