mse,mae,rmse,mape
0.33822766,0.36575305,0.5815734,2.2189813
