mse,mae,rmse,mape
0.59364235,0.3687285,0.7704819,3.8873816
