mse,mae,rmse,mape
0.47518203,0.4850571,0.68933445,2.2297146
