mse,mae,rmse,mape
0.47518232,0.48505706,0.6893347,2.229713
