mse,mae,rmse,mape
0.4751824,0.48505715,0.68933475,2.2297006
