mse,mae,rmse,mape
0.21041591,0.25108603,0.45871115,14.902864
