mse,mae,rmse,mape
0.27016112,0.33418193,0.51977026,1.4182446
