mse,mae,rmse,mape
0.46966287,0.5122899,0.68531954,3.4014616
