mse,mae,rmse,mape
0.4665017,0.51120985,0.6830093,3.4048862
