mse,mae,rmse,mape
0.46966368,0.51229024,0.68532014,3.4014635
