mse,mae,rmse,mape
0.29584333,0.3516001,0.5439148,16.064648
