mse,mae,rmse,mape
0.29313606,0.34934974,0.5414204,14.65787
