mse,mae,rmse,mape
0.6604829,0.41009855,0.812701,4.112749
