mse,mae,rmse,mape
0.17901959,0.2728648,0.42310706,2.785643
