mse,mae,rmse,mape
0.45540527,0.4524773,0.67483723,1.7307963
