mse,mae,rmse,mape
0.47627622,0.4656923,0.6901277,1.7527171
