mse,mae,rmse,mape
0.4763525,0.46596298,0.690183,1.7502363
