mse,mae,rmse,mape
0.36211976,0.40341127,0.6017639,1.3793148
