mse,mae,rmse,mape
0.3114285,0.37192798,0.5580578,1.5872072
