mse,mae,rmse,mape
0.3111486,0.37127614,0.55780697,1.567066
