mse,mae,rmse,mape
0.31023866,0.37062675,0.55699074,1.5625757
