mse,mae,rmse,mape
0.36646768,0.41573244,0.60536575,2.0052137
