mse,mae,rmse,mape
0.14919198,0.24242872,0.38625377,2.4953563
