mse,mae,rmse,mape
0.15048757,0.24421811,0.38792726,2.5434873
