mse,mae,rmse,mape
0.2545678,0.33051002,0.5045471,11.877335
