mse,mae,rmse,mape
0.25040936,0.32605663,0.5004092,12.560446
