mse,mae,rmse,mape
0.62856805,0.39382833,0.79282284,4.1491027
