mse,mae,rmse,mape
0.14513572,0.2774383,0.3809668,1.6693528
