mse,mae,rmse,mape
0.14513564,0.27743822,0.38096672,1.6693531
