mse,mae,rmse,mape
0.630601,0.53668857,0.79410386,2.9873223
