mse,mae,rmse,mape
0.6024554,0.52640945,0.77617997,2.9440362
