mse,mae,rmse,mape
0.60929906,0.5277942,0.7805761,2.8956542
