mse,mae,rmse,mape
3.7600248,1.3479381,1.9390783,5.1462507
