mse,mae,rmse,mape
3.7600217,1.347938,1.9390775,5.14626
