mse,mae,rmse,mape
0.3486873,0.38596812,0.5904975,14.921199
