mse,mae,rmse,mape
0.34674048,0.38343635,0.58884674,15.157172
