mse,mae,rmse,mape
0.50198644,0.48295486,0.70851004,12.284178
