mse,mae,rmse,mape
0.5019836,0.48295438,0.708508,12.283925
