mse,mae,rmse,mape
0.44065624,0.42621207,0.66381943,10.051881
