mse,mae,rmse,mape
0.33286384,0.36560205,0.5769435,2.1659756
