mse,mae,rmse,mape
0.26013997,0.29626396,0.5100392,13.692686
