mse,mae,rmse,mape
0.41843715,0.42184344,0.64686716,9.132197
