mse,mae,rmse,mape
0.3475733,0.37708732,0.5895535,1.4391507
