mse,mae,rmse,mape
0.64644694,0.40705073,0.8040193,4.1801014
