mse,mae,rmse,mape
0.46319807,0.46677488,0.6805866,1.4987411
