mse,mae,rmse,mape
2.3568153,1.0720904,1.5351923,3.6001859
