mse,mae,rmse,mape
0.2691313,0.32605046,0.5187787,1.2854753
