mse,mae,rmse,mape
3.0528283,1.1397254,1.7472345,3.0397131
