mse,mae,rmse,mape
3.052826,1.1397252,1.7472337,3.0397122
