mse,mae,rmse,mape
3.052827,1.1397252,1.7472341,3.0397043
