mse,mae,rmse,mape
0.14001824,0.23717114,0.37419012,2.1458328
