mse,mae,rmse,mape
0.15996924,0.29772323,0.39996156,1.6107281
