mse,mae,rmse,mape
0.42483523,0.2922464,0.65179384,3.0368707
