mse,mae,rmse,mape
0.16924515,0.26769546,0.41139415,2.276097
