mse,mae,rmse,mape
0.27013695,0.3342262,0.519747,1.4172573
