mse,mae,rmse,mape
0.2759981,0.37654904,0.5253552,3.5985894
