mse,mae,rmse,mape
0.33591536,0.36739144,0.57958204,2.0689077
