mse,mae,rmse,mape
0.5003643,0.46952555,0.7073643,10.457214
