mse,mae,rmse,mape
0.48264036,0.46253604,0.69472325,10.385915
