mse,mae,rmse,mape
0.37356007,0.39398736,0.6111956,9.602781
