mse,mae,rmse,mape
0.46179017,0.30554253,0.6795514,3.1253855
