mse,mae,rmse,mape
0.46827188,0.30939087,0.68430394,3.163427
