mse,mae,rmse,mape
0.49789336,0.47028646,0.7056156,11.387949
