mse,mae,rmse,mape
0.362839,0.41922385,0.6023612,11.722614
