mse,mae,rmse,mape
0.1627211,0.2528731,0.40338704,1.0634216
