mse,mae,rmse,mape
0.7177665,0.6006455,0.847211,1.5491518
