mse,mae,rmse,mape
0.14006366,0.26979747,0.3742508,1.6419703
