mse,mae,rmse,mape
0.14006443,0.2697984,0.37425184,1.6419715
