mse,mae,rmse,mape
0.33296907,0.36550683,0.5770347,2.1697915
