mse,mae,rmse,mape
0.26318353,0.31477427,0.51301414,11.537971
