mse,mae,rmse,mape
0.2648609,0.31857395,0.5146464,11.229147
