mse,mae,rmse,mape
0.46747816,0.31758052,0.68372375,3.1126127
