mse,mae,rmse,mape
0.23603705,0.3196507,0.48583645,1.2727517
