mse,mae,rmse,mape
0.25649858,0.3239237,0.5064569,1.2869167
