mse,mae,rmse,mape
0.22817954,0.31019104,0.47768143,1.24026
