mse,mae,rmse,mape
0.40440726,0.41311285,0.63593024,9.68678
