mse,mae,rmse,mape
0.39646405,0.39573196,0.62965393,1.5763458
