mse,mae,rmse,mape
0.40255085,0.42651206,0.634469,10.196781
