mse,mae,rmse,mape
0.40255153,0.42651337,0.6344695,10.1970215
