mse,mae,rmse,mape
0.4045995,0.42754102,0.63608134,10.245697
