mse,mae,rmse,mape
0.32031146,0.37786618,0.56596065,1.6632957
