mse,mae,rmse,mape
0.35770184,0.45268,0.5980818,2.0187783
