mse,mae,rmse,mape
0.4623855,0.45589632,0.67998934,11.479871
