mse,mae,rmse,mape
0.46238562,0.45589632,0.67998946,11.479804
