mse,mae,rmse,mape
0.46731225,0.31774274,0.6836024,3.129539
