mse,mae,rmse,mape
0.4713007,0.4782688,0.6865134,1.9798537
