mse,mae,rmse,mape
0.47363517,0.4798905,0.68821156,1.9985968
