mse,mae,rmse,mape
0.4790426,0.48368746,0.692129,2.040354
