mse,mae,rmse,mape
0.5157084,0.51393723,0.7181284,12.971751
