mse,mae,rmse,mape
0.5157005,0.5139376,0.7181229,12.971516
