mse,mae,rmse,mape
0.5090832,0.4870875,0.7135007,11.710474
