mse,mae,rmse,mape
0.5090832,0.48708752,0.7135007,11.710486
