mse,mae,rmse,mape
0.50908273,0.48708764,0.7135003,11.710506
