mse,mae,rmse,mape
0.15386906,0.2506404,0.39226148,2.293804
