mse,mae,rmse,mape
0.36291033,0.38620198,0.6024204,1.5533799
