mse,mae,rmse,mape
0.38849908,0.41338986,0.6232969,8.890755
