mse,mae,rmse,mape
0.38126385,0.42201898,0.6174657,10.62076
