mse,mae,rmse,mape
0.38126484,0.42201987,0.61746645,10.620687
