mse,mae,rmse,mape
0.38126352,0.42201835,0.6174654,10.62067
