mse,mae,rmse,mape
0.4224045,0.28266445,0.64992654,2.977333
