mse,mae,rmse,mape
0.3015182,0.34633896,0.5491067,2.0202746
