mse,mae,rmse,mape
0.36902824,0.38329983,0.60747695,2.2308109
