mse,mae,rmse,mape
2.308406,1.0832154,1.519344,2.9394093
