mse,mae,rmse,mape
0.32065958,0.3781374,0.5662681,1.6641525
