mse,mae,rmse,mape
0.41200677,0.28589854,0.64187753,3.1486242
