mse,mae,rmse,mape
0.20298465,0.3178718,0.4505382,3.545812
