mse,mae,rmse,mape
0.32505903,0.3628082,0.57013947,10.9653
