mse,mae,rmse,mape
0.32388657,0.3622685,0.56911033,11.145956
