mse,mae,rmse,mape
0.33115318,0.37439418,0.5754591,1.5069088
