mse,mae,rmse,mape
0.40704632,0.4299049,0.6380018,2.016869
