mse,mae,rmse,mape
0.26011527,0.33999392,0.51001495,1.3971417
