mse,mae,rmse,mape
0.26052278,0.3403934,0.5104143,1.3846734
