mse,mae,rmse,mape
0.26053596,0.34035638,0.51042724,1.3976725
