mse,mae,rmse,mape
0.3689747,0.3938422,0.60743284,9.446743
